{
 "slam_info_by_type": {
  "pos_info": {
   "type": "pos_info",
   "sec": 1782463393,
   "nanosec": 104825678,
   "errorCode": 0,
   "info": "",
   "data": {
    "currentPose": {
     "x": 0.2584113444584398,
     "y": -0.6640738925906096,
     "z": 0.022347593036213448,
     "q_w": -0.3776181038297867,
     "q_x": 0.16857838540662046,
     "q_y": -0.09312636200836262,
     "q_z": 0.905711530418367
    },
    "pcdName": "Qw_20260625",
    "address": "/unitree/data/unitree_slam/Qw_20260625.pcd"
   }
  },
  "robot_data": {
   "type": "robot_data",
   "sec": 1782463391,
   "nanosec": 580471733,
   "errorCode": 0,
   "info": "",
   "data": {
    "motorTemp": [
     38,
     40,
     38,
     38,
     46,
     45,
     38,
     42,
     38,
     41,
     46,
     43,
     37,
     0,
     0,
     47,
     43,
     41,
     44,
     40,
     0,
     0,
     48,
     47,
     45,
     42,
     40,
     0,
     0
    ],
    "motorError": [
     0,
     0,
     0,
     0,
     0,
     0,
     0,
     0,
     0,
     0,
     0,
     0,
     0,
     0,
     0,
     0,
     0,
     0,
     0,
     0,
     0,
     0,
     0,
     0,
     0,
     0,
     0,
     0,
     0
    ],
    "batteryAmp": -3020,
    "batteryPower": 30,
    "batteryTemp": 36,
    "batteryVol": 46035,
    "sportMode": -1,
    "gaitType": -1,
    "cpuTemp": 69.3070068359375,
    "cpuUsage": 69.17134857177734,
    "cpuMemory": 37.24036407470703,
    "cpuFrequency": 1602
   }
  }
 },
 "slam_relocation_odom": {
  "header": {
   "stamp": {
    "sec": 1782463393,
    "nanosec": 104825678
   },
   "frame_id": "map"
  },
  "child_frame_id": "base_link",
  "pose": {
   "pose": {
    "position": {
     "x": 0.258411,
     "y": -0.664074,
     "z": 0.022348
    },
    "orientation": {
     "x": 0.168578,
     "y": -0.093126,
     "z": 0.905712,
     "w": -0.377618
    }
   },
   "covariance": [
    0,
    0,
    0,
    0,
    0,
    0,
    0,
    0,
    0,
    0,
    0,
    0,
    0,
    0,
    0,
    0,
    0,
    0,
    0,
    0,
    0,
    0,
    0,
    0,
    0,
    0,
    0,
    0,
    0,
    0,
    0,
    0,
    0,
    0,
    0,
    0
   ]
  },
  "twist": {
   "twist": {
    "linear": {
     "x": 0,
     "y": 0,
     "z": 0
    },
    "angular": {
     "x": 0,
     "y": 0,
     "z": 0
    }
   },
   "covariance": [
    0,
    0,
    0,
    0,
    0,
    0,
    0,
    0,
    0,
    0,
    0,
    0,
    0,
    0,
    0,
    0,
    0,
    0,
    0,
    0,
    0,
    0,
    0,
    0,
    0,
    0,
    0,
    0,
    0,
    0,
    0,
    0,
    0,
    0,
    0,
    0
   ]
  }
 }
}